Nombre publicado,Nombre en español,Precio USD,URL Spreadshop,Imagen,Disponibilidad,Verificado
Huracanes Caribe — Logo oficial ORIG - Men's Premium T-Shirt,Camiseta premium para hombre,26.99,https://fenomenos-media.myspreadshop.com/huracanes+caribe+logo+oficial+orig-A6ab931a382764714cf48043c?productType=812&sellable=lNAvDdRlLkH3YVwbxxQg-812-7&appearance=1254,"https://image.spreadshirtmedia.com/image-server/v1/products/T812A1254PA4267PT17X48Y49D1059062309W25000H24302Cx141754/views/1,width=500,height=500,appearanceId=1254,backgroundColor=ffffff/huracanes-caribe-logo-oficial-orig-mens-premium-t-shirt.jpg",https://schema.org/InStock,2026-09-29
Huracanes Caribe — Logo oficial ORIG - Women's Premium T-Shirt,Camiseta premium para mujer,26.99,https://fenomenos-media.myspreadshop.com/huracanes+caribe+logo+oficial+orig-A6ab931a382764714cf48043c?productType=813&sellable=lNAvDdRlLkH3YVwbxxQg-813-8&appearance=1250,"https://image.spreadshirtmedia.com/image-server/v1/products/T813A1250PA4249PT17X42Y1D1059062309W19482H18938Cx141754/views/1,width=500,height=500,appearanceId=1250,backgroundColor=ffffff/huracanes-caribe-logo-oficial-orig-womens-premium-t-shirt.jpg",https://schema.org/InStock,2026-09-29
Huracanes Caribe — Logo oficial ORIG - Adjustable Apron,Delantal ajustable,22.49,https://fenomenos-media.myspreadshop.com/huracanes+caribe+logo+oficial+orig-A6ab931a382764714cf48043c?productType=1186&sellable=lNAvDdRlLkH3YVwbxxQg-1186-35&appearance=77,"https://image.spreadshirtmedia.com/image-server/v1/products/T1186A77PA3066PT17X29Y30D1059062309W13429H13054Cx141754/views/1,width=500,height=500,appearanceId=77,backgroundColor=ffffff/huracanes-caribe-logo-oficial-orig-adjustable-apron.jpg",https://schema.org/InStock,2026-09-29
Huracanes Caribe — Logo oficial ORIG - Tote Bag,Bolsa de tela,17.99,https://fenomenos-media.myspreadshop.com/huracanes+caribe+logo+oficial+orig-A6ab931a382764714cf48043c?productType=842&sellable=lNAvDdRlLkH3YVwbxxQg-842-33&appearance=77,"https://image.spreadshirtmedia.com/image-server/v1/products/T842A77PA3667PT17X16Y7D1059062309W22028H21413Cx141754/views/1,width=500,height=500,appearanceId=77,backgroundColor=ffffff/huracanes-caribe-logo-oficial-orig-tote-bag.jpg",https://schema.org/InStock,2026-09-29
Huracanes Caribe — Logo oficial ORIG - Women's T-Shirt,Camiseta para mujer,23.49,https://fenomenos-media.myspreadshop.com/huracanes+caribe+logo+oficial+orig-A6ab931a382764714cf48043c?productType=347&sellable=lNAvDdRlLkH3YVwbxxQg-347-8&appearance=352,"https://image.spreadshirtmedia.com/image-server/v1/products/T347A352PA4306PT17X38Y29D1059062309W17598H17107Cx141754/views/1,width=500,height=500,appearanceId=352,backgroundColor=ffffff/huracanes-caribe-logo-oficial-orig-womens-t-shirt.jpg",https://schema.org/InStock,2026-09-29
Huracanes Caribe — Logo oficial ORIG - Men's Hoodie,Sudadera con capucha para hombre,41.49,https://fenomenos-media.myspreadshop.com/huracanes+caribe+logo+oficial+orig-A6ab931a382764714cf48043c?productType=111&sellable=lNAvDdRlLkH3YVwbxxQg-111-22&appearance=231,"https://image.spreadshirtmedia.com/image-server/v1/products/T111A231PA4247PT17X67Y22D1059062309W21442H20843Cx141754/views/1,width=500,height=500,appearanceId=231,backgroundColor=ffffff/huracanes-caribe-logo-oficial-orig-mens-hoodie.jpg",https://schema.org/InStock,2026-09-29
Huracanes Caribe — Logo oficial ORIG - Women's Hoodie,Sudadera con capucha para mujer,41.49,https://fenomenos-media.myspreadshop.com/huracanes+caribe+logo+oficial+orig-A6ab931a382764714cf48043c?productType=405&sellable=lNAvDdRlLkH3YVwbxxQg-405-23&appearance=231,"https://image.spreadshirtmedia.com/image-server/v1/products/T405A231PA4081PT17X54Y21D1059062309W20099H19538Cx141754/views/1,width=500,height=500,appearanceId=231,backgroundColor=ffffff/huracanes-caribe-logo-oficial-orig-womens-hoodie.jpg",https://schema.org/InStock,2026-09-29
Huracanes Caribe — Logo oficial ORIG - Men's T-Shirt,Camiseta para hombre,23.49,https://fenomenos-media.myspreadshop.com/huracanes+caribe+logo+oficial+orig-A6ab931a382764714cf48043c?productType=210&sellable=lNAvDdRlLkH3YVwbxxQg-210-7&appearance=504,"https://image.spreadshirtmedia.com/image-server/v1/products/T210A504PA4301PT17X41Y39D1059062309W25000H24302Cx141754/views/1,width=500,height=500,appearanceId=504,backgroundColor=ffffff/huracanes-caribe-logo-oficial-orig-mens-t-shirt.jpg",https://schema.org/InStock,2026-09-29
Huracanes Caribe — Logo oficial ORIG - Contrast Coffee Mug,Taza con interior de contraste,17.49,https://fenomenos-media.myspreadshop.com/huracanes+caribe+logo+oficial+orig-A6ab931a382764714cf48043c?productType=268&sellable=lNAvDdRlLkH3YVwbxxQg-268-32&appearance=70,"https://image.spreadshirtmedia.com/image-server/v1/products/T268A70PA5007PT10X9Y22D1059062309W4213H4095Cx141754/views/3,width=500,height=500,appearanceId=70,backgroundColor=ffffff/huracanes-caribe-logo-oficial-orig-contrast-coffee-mug.jpg",https://schema.org/InStock,2026-09-29
Huracanes Caribe — Logo oficial ORIG - Unisex Crewneck Sweatshirt,Sudadera unisex de cuello redondo,34.99,https://fenomenos-media.myspreadshop.com/huracanes+caribe+logo+oficial+orig-A6ab931a382764714cf48043c?productType=512&sellable=lNAvDdRlLkH3YVwbxxQg-512-27&appearance=205,"https://image.spreadshirtmedia.com/image-server/v1/products/T512A205PA4049PT17X45Y8D1059062309W21045H20458Cx141754/views/1,width=500,height=500,appearanceId=205,backgroundColor=ffffff/huracanes-caribe-logo-oficial-orig-unisex-crewneck-sweatshirt.jpg",https://schema.org/InStock,2026-09-29
Huracanes Caribe — Logo oficial ORIG - 20 oz Water Bottle,Botella de agua de 20 oz,20.99,https://fenomenos-media.myspreadshop.com/huracanes+caribe+logo+oficial+orig-A6ab931a382764714cf48043c?productType=757&sellable=lNAvDdRlLkH3YVwbxxQg-757-39&appearance=1,"https://image.spreadshirtmedia.com/image-server/v1/products/T757A1PA4077PT10X9Y11D1059062309W4210H4092Cx141754/views/3,width=500,height=500,appearanceId=1,backgroundColor=ffffff/huracanes-caribe-logo-oficial-orig-20-oz-water-bottle.jpg",https://schema.org/InStock,2026-09-29
Huracanes Caribe — Logo oficial ORIG - Unisex Poly/Cotton T-Shirt,Camiseta unisex de poliéster y algodón,25.49,https://fenomenos-media.myspreadshop.com/huracanes+caribe+logo+oficial+orig-A6ab931a382764714cf48043c?productType=1130&sellable=lNAvDdRlLkH3YVwbxxQg-1130-7&appearance=458,"https://image.spreadshirtmedia.com/image-server/v1/products/T1130A458PA4328PT17X43Y47D1059062309W20105H19544Cx141754/views/1,width=500,height=500,appearanceId=458,backgroundColor=ffffff/huracanes-caribe-logo-oficial-orig-unisex-polycotton-t-shirt.jpg",https://schema.org/InStock,2026-09-29
Huracanes Caribe — Logo oficial ORIG - Unisex Baseball T-Shirt,Camiseta unisex de béisbol,29.99,https://fenomenos-media.myspreadshop.com/huracanes+caribe+logo+oficial+orig-A6ab931a382764714cf48043c?productType=951&sellable=lNAvDdRlLkH3YVwbxxQg-951-19&appearance=26,"https://image.spreadshirtmedia.com/image-server/v1/products/T951A26PA4291PT17X17Y10D1059062309W21267H20673Cx141754/views/1,width=650,height=650,appearanceId=26,backgroundColor=ffffff/el-emblema-oficial-de-huracanes-caribe-parte-de-fenomenos-media-un-diseno-para-quienes-comparten-nuestra-pasion-por-la-meteorologia-y-los-fenomenos.jpg",https://schema.org/InStock,2026-09-29
Huracanes Caribe — Logo oficial ORIG - Camper Mug,Taza de camping,19.99,https://fenomenos-media.myspreadshop.com/huracanes+caribe+logo+oficial+orig-A6ab931a382764714cf48043c?productType=1313&sellable=lNAvDdRlLkH3YVwbxxQg-1313-32&appearance=1,"https://image.spreadshirtmedia.com/image-server/v1/products/T1313A1PA3933PT10X9Y5D1059062309W4204H4086Cx141754/views/3,width=650,height=650,appearanceId=1,backgroundColor=ffffff/el-emblema-oficial-de-huracanes-caribe-parte-de-fenomenos-media-un-diseno-para-quienes-comparten-nuestra-pasion-por-la-meteorologia-y-los-fenomenos.jpg",https://schema.org/InStock,2026-09-29
Huracanes Caribe — Logo oficial ORIG - Sticker Size S (4x 4),Pegatina de 4 × 4 pulgadas,2.49,https://fenomenos-media.myspreadshop.com/huracanes+caribe+logo+oficial+orig-A6ab931a382764714cf48043c?productType=1459&sellable=lNAvDdRlLkH3YVwbxxQg-1459-215&appearance=839,"https://image.spreadshirtmedia.com/image-server/v1/products/T1459A839PA3861PT28D1059062309W10000H9721/views/1,width=650,height=650,appearanceId=839,backgroundColor=ffffff/el-emblema-oficial-de-huracanes-caribe-parte-de-fenomenos-media-un-diseno-para-quienes-comparten-nuestra-pasion-por-la-meteorologia-y-los-fenomenos.jpg",https://schema.org/InStock,2026-09-29
Huracanes Caribe — Logo oficial ORIG - Unisex Tie Dye T-Shirt,Camiseta unisex tie-dye,26.99,https://fenomenos-media.myspreadshop.com/huracanes+caribe+logo+oficial+orig-A6ab931a382764714cf48043c?productType=491&sellable=lNAvDdRlLkH3YVwbxxQg-491-8&appearance=1122,"https://image.spreadshirtmedia.com/image-server/v1/products/T491A1122PA4308PT17X63Y26D1059062309W20464H19893Cx141754/views/1,width=650,height=650,appearanceId=1122,backgroundColor=ffffff/el-emblema-oficial-de-huracanes-caribe-parte-de-fenomenos-media-un-diseno-para-quienes-comparten-nuestra-pasion-por-la-meteorologia-y-los-fenomenos.jpg",https://schema.org/InStock,2026-09-29
